park,park_search,parkID,campaign_text
Dampier Marine Park,Dampier,DMP,Dampier.MP.Monitoring
Eighty Mile Beach Marine Park,Eighty,EMBMP,Eighty.Mile.MP.Monitoring
Exmouth Gulf Marine Park,Exmouth,EGMP,Exmouth.Gulf.MP.Monitoring
Jurien Bay Marine Park,Jurien,JBMP,JurienBay.MP.Monitoring
Lalang-Garrum Marine Park,Lalang,LGMP,Lallang-Garrum.MP.Monitoring
Montebello Islands,Monte,MBIMP,Montebellos.MP.Monitoring
Marmion Marine Park,Marmion,MMP,Marmion.MP.Monitoring
Ningaloo Marine Park,Ningaloo,NMP,Ningalo.MP.Monitoring
Ngari Capes Marine Park,Ngari,NCMP,NgariCapes.MP.Monitoring
North Kimberley Marine Park,North Kimberley,NKMP,North.Kimberley.MP.Monitoring
Rottnest Island Marine Reserve,Rottnest,RIMR,Rottnest.MP.Monitoring
Rowley Shoals Marine Park,Rowley,RSMP,RowleyShoals.MP.Monitoring
Shark Bay Marine Park,Shark,SBMP,SharkBay.MP.Monitoring
Shoalwater Islands Marine Park,Shoalwater,SIMP,Shoalwater.MP.Monitoring
